val_loss,val_acc,loss,acc
0.25956125219662984,0.9288333331743877,0.9578040115435918,0.8691458333333333
0.23895555969079335,0.9293333334922791,0.6246762646536033,0.9016458333333334
0.3252251507441203,0.9225,0.522326277265946,0.91225
0.27441362357139587,0.9273333333333333,0.49015644379456835,0.9202916666666666
0.32108853095769885,0.928166666507721,0.41747293062011404,0.9289791666666667
